heather alon john arnold hou subject video shoot hi john john lavorato needs leave earlier tonight need start shooting little earlier today around work thanks heather,2
seems crazy willing ride cents great trade knows going th eshort term though slafontaine globalp com john arnold com subject summer inverses johnnny think inverses ready get sold yet timing issue aug oct cts seems rich rich injection season issue,2
printout today children product thanks,2
interesting looking new activities maybe born knight jennifer white jenwhite zdnetonebox com pm john arnold com subject good morning http kofc org I find anything It looks like organization catholic men vote life web site scarry I voting middle school let hope I get shot john arnold com wrote polling location knights columbus hall exactly knight columbus get free zdnet onebox free voicemail email fax one place sign today http zdnetonebox com,2
words encouragement greatly appreciated I certainly troubles quarter I appreciate offer I want take away amazing year far maybe come trade jim schwieger john arnold hou subject It worth year sounds like Im really old I learned really great Individuals come circumstances beyond control fact performance far beyond anyone else could done I believe one individuals I appreciate done eol burden take especially hits home I see happened last months expected carry world without nymex liquidity cover risk I would like offer transfer million storage book price book without eol I could never done I done thanks jim schwieger,2
Is possible reschedule commercial meeting wednesday wednesday busiest day week gas floor please advise jeanie slone fred lagrasta hou hunter shively hou scott neal hou thomas martin hou john arnold hou phillip allen hou subject final gas power trading prc meeting mark calendars gas power trading prc meetings held wed november commercial mon december commercial support receive specific information regarding times locations soon If would like additional members staff attend meeting provide feedback please submit names november formal gas pre ranking meeting scheduled however interested conducting pre prc meeting please contact november best regards jeanie,2
congratulatIons david dupre errol mclaughlin corp dutch quigley hou mike maggi corp john arnold hou subject new role recent transfer analyst program I moved new group enroncredit com based london I working I working mainly credit derivative traders I phone number completely enjoyed role working nymex checkout function past years joe hunter taking place replacement found best wishes david,2
adams bot,2
I always coordinate assistant Ina rangle thanks kathie grabstald john arnold hou subject ensIde newsletter good afternoon john thanks agreeing one profile articles next issue ensIde michelle vitrella assured would interesting topic newsletter set publication february I setting interview schedule I would love sit visit minutes early part december please let know day time convenient,2
adams,2
assume means carrying equity positions course line would sarah wesner john arnold hou subject fImat loan agreement john fImat loan agreeemnt prohibit ene using loan proceeds follows part proceeds advance hereunder used purchasing carrying margin stock within respective meanings quoted terms regulation u board governors federal reserve system time time hereafter effect know whether engage purchasing carrying margin stock I check legal well sarah,2
without el doritos margaret allen pm john arnold hou subject date oh I got must good date tell since I missed,2
time get jennifer white jenwhite zdnetonebox com pm john arnold com subject everything worked ok I left key concierge desk get free zdnet onebox free voicemail email fax one place sign today http zdnetonebox com,2
site sell vote jennifer white jenwhite zdnetonebox com john arnold com subject good morning site tells vote http co harris tx cclerk elect htm go yankees get free zdnet onebox free voicemail email fax one place sign today http zdnetonebox com,2
get lost,2
absolutely agree thought always even cash piece shit today wait future question environment whereby worth market scenario happens slafontaine globalp com pm slafontaine globalp com jarnold com subject havent read yet youl think im brilliant bad didnt short jan feb apr may steve lafontaine jarnold com subject question reason dont anything jan feb whats gona make mkt bearish feb perception stx get titire inverses grow thing think get concerned industrial slowdown going,2
polling location knights columbus hall exactly knight columbus,2
cant handle pressure big money john lavorato john arnold hou subject tenn cinnci gb det new england phil clev seattle jets tease discussed,2
z wow would thunk prompt gas z wide last year hard think better scenario flip rather hard think scenario z contango lot boys max withdrawing storage curve told last bid week obviously gas trying come burned incentivize economic player like inject problem stick ground pulling z back cash getting priced cash z looks awfully weak thus putting lot pressure z storage economics always dictate market except maybe latter half winter buyers certainly hope anyways agree back half winter strong storage boys withdrawing today buying bottom fishing yet going zero slafontaine globalp com john arnold com subject mkts agree jan feb cudnt resist sold little yest prob end buying em back piss away rest month fyi ever chance speak phone feel free call time busy managed paper flow eol dont bother calls occasional email give time respond time im also susprised dec jan mad bucks trading ways one cant help wonder given loads gass crazy west called impact husbanding end users yet frontn curve still cant backwardate indeed makes sprds look rich agaon also curious loan deals pipes work ouut man guys cud really getting trouble another big reason dec cash hasnt able go jan think make strong longs back mkt ie taking gas back march april shud keep part curve strong agree cool man talk later,2
I received email I make sure goes proper channels It may help give specific positions interest big place help focus resume right people,2
catherine sorry long since I could respond craziness I way behind everything years volume way exchange recently recent volatility volume probably averaging days eol volume averaging around high percent market current market conditions shows transactional model one side every trade superior good liquidity first years okay liquidity years calendar maybe trade day chance one side calendar rare trades catherine pernot john arnold hou subject eIm due diligence nymex gas data per voicemail I included list Investors questions preliminary answers answers attempts group bob crane bryon hoskins need confirmation would mind giving feedback well I could find numbers,2
errol I write access trades friday please make sure,2
yea talk brian hoskins communIcatIons john arnold hou subject Implementation issue Ie looks like It decided install Internet explorer program ready go soon installed want put pressure would rather wait see fix work Ie way I quite sure problem brian brian hoskins broadband services office mobile brian hoskins net,2
eat shit john lavorato john arnold hou subject football bets cinnci,2
stephanie please set mike maggi trding Intercontinental exch thanks,2
hello I able pull link short term outlook natural gas please make sure link updates thanks,2
thanks andy zipper john arnold hou subject nymex converter nov care seeing report I use general benchmarking let know want see regularly,2
best months like good positions others wiped everything unbelievable whole curve moves one months separates completely z flies amazing something definitely whack hard believe cash z cantango front spread spreads definitely implying see prints daily cash hub winter hell already seeing west system broken interesting see sign come east later definitely flexibility east blowouts occur latter part winter inelasticity demand continues unbelievable would thunk gas times one year ago significant loss demand market definitely trained buy dips point continues trending market days finish intraday high low pira told boys hedge jv cal impact significant quote bids term strips times day understand changing view somewhat tomorrow wait see relieves back pressure surprised lack spec long interest jv considering scenario painted slafontaine globalp com pm jarnold com subject mkts johnny hope things treating well month frustrating generally caught many mkt moves postions nearly cancelled rest im finding really really hard assess risk oil gas therefore im taking step back esp front holidays year end mar gas vs backs worked great took profits waayyy early flat px think pretty clear weather stays normal keep flaoor bucks another days least sustained aboves drop like rock part due back en pressure spreads hell em saying silverman huge opportunity staring face hve idea equal arguements sprds shud fall move great insites hope well enjoy long weeknd deserve guess curve stop blowing see back end selling,2
brian hoskins communIcatIons john arnold hou fangming zhu corp subject available install messenger application today pm brian brian hoskins broadband services office mobile brian hoskins net,2
oak atl bet voided john lavorato john arnold hou subject new england ne det miami giants ariz current,2
thanks andy zipper john arnold hou subject adam resources,2
think something need please set caroline abramo john arnold hou per sekse ny subject microphone houston think getting direct mic new york houston soon possible one last employer ny london worked great tun allows communicate without getting darn phone I sure total annoyance pick steno still phone recorded could keep mike getting funds trade program guys among need quicker execution I know per discussed idea calling direct I think mic better answer I sit I discuss give update planning trade best rgds caroline,2
wassup wassup wassup plan drinks day early week jennifer shipos john arnold hou subject want drinks I owe I think time another group happy hour It seem like normal self recently,2
someone foul odor sure eric thode john arnold hou subject photograph ecompany thanks help photographer I heard ann schmidt margaret allen shall say fragrant photographer,2
good seats sill available matthew arnold john arnold hou subject good guess sponsor galleryfurniture com bowl tickets available energizer,2
amazing cash futures back piece pressure month strongest part board year interesting see happens prompt could actually strong seems like spreads board best risk reward little worried z effect spec length trying roll funds trying roll time leading ridiculous level expiry thoughts slafontaine globalp com pm john arnold com subject summer inverses suck hope youve made money natgas last weeks mkt shud,2
caroline abramo john arnold hou mike maggi corp subject harvard I jason hotra trader coming tomorrow maybe I drag away minutes see tomorrow,2
I almost forget debt bmw ia reminded,2
hello It blue men group two friends highly recommend It astor theatre lafayette village rd good I think woul dhave flavor harlem though jennifer white jenwhite zdnetonebox com pm john arnold com subject ny I tasked getting tickets show blue men group recommended see michelle lives rd bad thought get free zdnet onebox free voicemail email fax one place sign today http zdnetonebox com,2
saw lot bulls sell summer length front mitigate margins absolute position limits var guys taking front also buying back summer el paso large buyer next winter today taking spreads certainly reason spreads strong way piece really one left risk premium built trading equivalent access morning certainly entering period bearish neutral trade get whacked certainly understand arguments settles spread probably worth call trading monday today market view probability going crazy certainly changed past hours reflected slafontaine globalp com pm slafontaine globalp com john arnold com subject spreads mkt getting little bearish back winter think get another cold blast jan feb mite move oil moving march closer flat wide jan im bearish sprds less bullish march april,2
say purely coincidental announcement came today fine jennifer white jenwhite zdnetonebox com pm john arnold com subject hmmm interesting news today I plan come place around pm get free zdnet onebox free voicemail email fax one place sign today http zdnetonebox com,2
hey podner buying dinner tonight,2
funny story access cents last night nymex made trading limit unchanged minutes trading unchanged exchange stopped trading hour rappaport exchange president standing make sure everything orderly obviously locals happy exchange closing one yelled rappaport take million dollar bonus go buy stock,2
hope enjoying holidays I cell phone call get bored week sorry I return call monday I big reach cell better yet adios amigos,2
agreement fine I mail mark sagel msagel home com pm john arnold jarnold com subject service agreement thanks opportunity provide technical service attached agreement covers arrangement let know questions If ok please sign fax back I,2
best guess tonight,2
remember said reason call bear spreads bring chart tighter anytime since march ff worth amazing,2
think valid excuse whatever,2
market making electronic systems fun ksmalek aep com pm john arnold com subject cal I cant go take pee sneaking Ice Ice baby,2
russell dyk pm brad mckay hou john arnold hou caroline abramo corp subject credit suisse first boston csfb informed today appalachia hedging deal likely happen next two weeks deal short involves buying average volume mmbtu tco mmbtu cng years month dec csfb would like get idea market I attached spreadsheet details volumes decline time could please provide indicative prices tonight close thanks,2
actually filming movie margaret allen john arnold hou subject nyc rocks must left early yesterday received email I told much I love I think I need move back,2
say couldnt come expect much margaret allen pm john arnold hou subject okay get reprieve today I curly hair high boots great said like tony tiger date attack like last one msa,2
careful another bad day margaret allen pm john arnold hou subject well well well sassy response I might come flirt today john arnold margaret allen corp subject even think getting crap add star place going margaret allen pm john arnold hou subject hum would interesting see act date I think I pass time could spent better ways believe el orbits play satellite lounge alot I sure heard since I want play second fiddle postpone good one margaret john arnold margaret allen corp subject el orbits eh heard remember chance seen satellite guess nosey little date tonight wanna come along margaret allen john arnold hou subject hum much I would love insulted several hours straight tomorrow night I plans actually thing bunch people going continental club hear el orbits happens favorite band come plans tonight since I nosey trade johnny margarita john arnold margaret allen corp subject deathly afraid even come close describing busy tonight bout tomorrow margaret allen pm john arnold hou subject okay since deathly afraid nice go grab beer dinner tomorrow night work,2
even think getting crap add star place going margaret allen pm john arnold hou subject hum would interesting see act date I think I pass time could spent better ways believe el orbits play satellite lounge alot I sure heard since I want play second fiddle postpone good one margaret john arnold margaret allen corp subject el orbits eh heard remember chance seen satellite guess nosey little date tonight wanna come along margaret allen john arnold hou subject hum much I would love insulted several hours straight tomorrow night I plans actually thing bunch people going continental club hear el orbits happens favorite band come plans tonight since I nosey trade johnny margarita john arnold margaret allen corp subject deathly afraid even come close describing busy tonight bout tomorrow margaret allen pm john arnold hou subject okay since deathly afraid nice go grab beer dinner tomorrow night work,2
come whenever sarah wesner john arnold hou subject edf trades switched abn john I need talk free today sarah,2
trying bet john lavorato john arnold hou subject cheap,2
couple thoughts certainly losing lots indutrial demand switching slowdown economy big automakers temporarily closing plants instance switching significant led cash gulf expiring weak everyday gas daily spread prompt trading need cold weather justify seems test next days switching loss demand storage management keep cash futures spread reasonable levels blow many years ago print hub unless get crazy prints question steep backwardation market funny watching flies front bot large chunk friday morning probably worth crazy people seen front spread weak since forever already starting eye thoughts distillates tight enough gas switching marginal mmbtu demand pulls market oversupplied care,2
stinson meeting today,2
everybody company know,2
welcome world electronic market making fun huh smith foster smithf epenergy com jarnold com jarnold com subject hey dickhead quit arbing ice going another rocket game I fucking money back email files transmitted el paso energy corporation confidential intended solely use individual entity addressed If received email error please notify sender,2
know think little bit everyone storage guys slafontaine globalp com jarnold com subject mar apr im sick getting john getting squeezed mar pretty sure isnt safe ask,2
yea spoofs rules business tell later kind funny however took hours seconds film margaret allen john arnold hou subject nyc rocks without I believe kidding management conference,2
please tell analyzing bollinger bands,2
appears though time get last wednesday everybody already missed chance get pesot jeff jeff pesot verso com pm jarnold com jarnold com subject thursday pm ruggles main Is time get etoys jeff pesot verso technologies office mobile mail jeff pesot verso com verso com,2
let know invite year john arnold hou subject hey Is amerex throwing yearly christmas party thanks frances,2
el orbits eh heard remember chance seen satellite guess nosey little date tonight wanna come along margaret allen john arnold hou subject hum much I would love insulted several hours straight tomorrow night I plans actually thing bunch people going continental club hear el orbits happens favorite band come plans tonight since I nosey trade johnny margarita john arnold margaret allen corp subject deathly afraid even come close describing busy tonight bout tomorrow margaret allen pm john arnold hou subject okay since deathly afraid nice go grab beer dinner tomorrow night work,2
call ted bland trading track program desks trying use program train analysts traders experience help process make risk rotation unnecessary unless dying another rotation risk phillip,1
rentroll week one sent looked good It seems like people paying time rent efficiency elderly woman fixed income go ahead use judgement rent prices vacant units If need lower rent get things full go ahead I office thursday I talk friday phillip,1
george I received drawings look good first glance I look depth weekend proforma winmail dat format I cannot open please resend excel pdf format If send pallen hotmail com I able look weekend file timeline investment dollars I want get feel start needing money phillip,1
christy I read points definitely need touch I understand need give commentary prices high california subject already gotten much press phillip,1
Is detail gas cost proxy delivery points publication used basically help get clarification language average daily cost gas delivery points california phillip,1
I spoke insurance company going cancel prorate policy work kuo issue new policy,1
west desk would like analysts,1
I think chad deserves interview,1
frank implied risk created san juan rockies indeces partially set today risk long futures position whatever risk prior matter since rest books short price large offset If var calculation match company true risk needs revised adjusted phillip,1
send resume karen buckley I believe full round interviews trading track may,1
final rentroll save questions neil moreno paid pay anything even wants swich bi weekly needs pay beginning two week period going gilbert late,1
guys coordinate make sure someone listens conference call week tara fundamental group recording calls happened every day phillip,1
paula I looked plan It looks fine phillip,1
george note check new developments phillip,1
mike grigsby problems accessing west power site please make sure active password thank phillip,1
regarding waha storage west desk strong need storage always willing show bid based current summer winter spreads cycling value following assumptions made establish bid daily injection capacity daily withdrawal capacity fuel injection mmbtu variable injection withdrawal fees also undiscounted june january spread existed time bid bid year storage contract beginning june based assumptions mmbtu month year demand charges I sure exactly need please call email comments phillip allen,1
Is going conference call type weekly meeting regulatory issues facing california week make sure gas desk included phillip,1
I send money silent second regular mail overnight wire transfer I see bank make funds available friday unless I wire money If I need please send wiring instructions,1
kids typical toys games justin likes power ranger stuff kelsey really likes art books would also good spending christmas houston heather sister planning come san marcos new years long stay plans email latest happenings big city,1
phillip today I busy I let know I knockum pd untill pd counted tat pays untill count wrong lucy says pays week sgoing vacation thjat pd lucy says I deposit ready due roll I wanted tell might think pay something lucy says amnt I rented aand may gone tonight I putting overtime trying rent something didnt leave last night untill wait someone tonight works late phillip says send rentroll phillip says I tell I going try fri sat lucy says tell going wade told morning I sent roll get need weekend I sweet sixteen I getting ready need sat I get alot done phillip says talk friday lucy says okay see ya later bye lucy says I sent roll get phillip says yes thank following message could delivered recipients yes thank,1
griff It bidweek I need provide view Id two major publications post monthly indeces please email id password following dexter steis natural gas Intelligence dexter intelligencepress com liane kucher Inside ferc lkuch mh com bidweek way critical id sent asap thanks help phillip allen,1
I office today isssues deal stagecoach phillip,1
I would look properties san antonio dallas,1
send resume karen buckley hr new round trading track interviews may,1
attached two files illustrate following prices rose supply increased demand decreased prices beginning fall response market responses,1
authorize access west power site keith holtz southern california basis trader two year contract another note imagination sarr website lower forecast mcnary discharge may It seems like flows lowered range fewer days near also second half april seem panned I expected outflows stayed mcnary email call additional insight thank phillip,1
behind closed doors discussions held prior meeting Is potential surprise announcement sort fixed price gas power cap open meeting finally happens,1
traveling business meeting takes fun trip especially prepare presentation I would suggest holding business plan meetings take trip without formal business meetings I would even try get honest opinions whether trip even desired necessary far business meetings I think would productive try stimulate discussions across different groups working often presenter speaks others quiet waiting turn meetings might better held round table discussion format suggestion go austin play golf rent ski boat jet ski flying somewhere takes much time,1
topic western natural gas market I may overhead slides I bring handouts,1
andrea,1
financial west desk mid market,1
I still use service,1
let know get quotes pauline I expecting pay something range I would like see quotes description work done It understanding rock removed replaced siding If getting quotes put new rock need clarify jacques ready drop dollar amount release If negotiations stall seems like I need go ahead cut utilities hopefully things go smoothly phillip,1
faith regarding plan members west desk follows name title trading phillip allen vp mike grigsby director keith holst manager possible director janie tholt director steve south director frank ermis manager tori kuykendall manager matt lenhart analyst possible associate monique sanchez commercial support manager jay reitmeyer senior specialist Ina rangel assistant split costs middle market marketing barry tycholiz director mark whitt director paul lucci manager possible director I need give names operations group special pays I believe mike grigsby retention payment due year also budget another special payments I know working barry headcount different marketing staff use numbers let know anything else phillip,1
I would support matt lenhart promotion next level I would oppose ken shulklapper promotion,1
johnnie thank meeting friday I left feeling optimistic panel system I would like find way incorporate panels home design I showed In order make feasible within budget I sure take several iterations prospect purchasing panels framers install may considered however first choice would general contractor I realize receive number calls seeking information product little probability sale I want assure I going build house fall I would seriously consider using panel system truly slight increase cost stick built please email cost estimates complete thank phillip allen,1
please remove name information registered user list sell information phillip allen,1
george files opened fine I open winmail dat files resend one pdf format thanks phillip,1
jacques craig draw release status quote wade phillip,1
works thank,1
reagan wanted give update I changed unit mix include bedrooms reduced number buildings kipp flores working construction drawings time I pursuing fha financing construction drawings complete I send revised bid original bid competitive I still attracted firm strong local presence contacts phillip,1
insurance company central Insurance agency Inc lamar austin tx policy cbI contact jeanette peterson actual policy signed vista Insurance partners please try schedule appraiser sometime dad walk around I town tuesday else need get done closing phillip,1
received updated numbers keith holst call receive phillip,1
I also speaking johnnie brown san antonio general contractor according johnnie I would pay less buying factory versus purchasing panels since site within region assuming true I work directly I believe sent plans prepared kipp flores architects confirm price direct factory distributor If estimates worked johnnie please email well thank time I excited potentially using product phillip allen,1
send karen buckley trading track interview conducted may,1
put barry phillip,1
